"","Location","Mean_annual_temperature","Mean_precipitation_driest_quarter","Mean_precipitation_wettest_quarter","Mean_annual_precipitation","ln_richness"
"Location",0,1,1,1,1,0.505511576397024
"Mean_annual_temperature",0.307965117886283,0,0.000347567001111613,0.104711376560896,0.135888973704269,1
"Mean_precipitation_driest_quarter",0.406820255484043,2.67359231624318e-05,0,0.0343398372482775,8.03162972106254e-05,0.00260791185890781
"Mean_precipitation_wettest_quarter",0.234276620403092,0.0116345973956551,0.00343398372482775,0,2.02570604999376e-05,0.671518870272278
"Mean_annual_precipitation",0.649620547206285,0.0169861217130336,5.73687837218753e-06,1.35047069999584e-06,0,0.0170768242616118
"ln_richness",0.0722159394852892,0.385676764858614,0.000217325988242317,0.111919811712046,0.00155243856923744,0
